Date,Open,High,Low,Close
30-April-2025,80370.80,80525.61,79879.15,80242.24
2-May-2025,80300.19,81177.93,80168.59,80501.99
5-May-2025,80661.62,81049.03,80657.71,80796.84
6-May-2025,80907.24,80981.58,80481.03,80641.07
7-May-2025,79948.80,80844.63,79937.48,80746.78
8-May-2025,80912.34,80927.99,79987.61,80334.81
9-May-2025,78968.34,80032.93,78968.34,79454.47
12-May-2025,80803.80,82495.97,80651.07,82429.90
13-May-2025,82249.60,82572.81,81043.69,81148.22
14-May-2025,81278.49,81691.87,80910.03,81330.56
15-May-2025,81354.43,82718.14,80762.16,82530.74
16-May-2025,82392.63,82514.81,82146.95,82330.59
19-May-2025,82354.92,82424.10,81964.57,82059.42
20-May-2025,82116.17,82250.42,81153.70,81186.44
21-May-2025,81327.61,82021.64,81237.06,81596.63
22-May-2025,81323.05,81323.24,80489.92,80951.99
23-May-2025,80897.00,81905.17,80897.00,81721.08
26-May-2025,81928.95,82492.24,81867.23,82176.45
27-May-2025,82038.20,82410.52,81121.70,81551.63
28-May-2025,81457.61,81613.36,81244.02,81312.32
29-May-2025,81591.03,81816.89,81106.98,81633.02
30-May-2025,81465.69,81698.21,81286.45,81451.01
2-June-2025,81214.42,81474.26,80654.26,81373.75
3-June-2025,81492.50,81774.23,80575.09,80737.51
4-June-2025,80777.65,81087.29,80705.18,80998.25
5-June-2025,81196.08,81911.13,80983.73,81442.04
6-June-2025,81434.24,82299.89,81140.11,82188.99
9-June-2025,82574.55,82669.00,82369.24,82445.21
10-June-2025,82643.73,82680.79,82240.40,82391.72
11-June-2025,82473.02,82783.51,82308.91,82515.14
12-June-2025,82571.67,82661.04,81523.16,81691.98
13-June-2025,80427.81,81238.68,80354.59,81118.60
16-June-2025,81034.45,81865.82,81012.31,81796.15
17-June-2025,81869.47,81890.15,81427.01,81583.30
18-June-2025,81314.62,81858.97,81237.01,81444.66
19-June-2025,81403.94,81583.94,81191.04,81361.87
20-June-2025,81354.85,82494.49,81323.20,82408.17
23-June-2025,81704.07,82169.67,81476.76,81896.79
24-June-2025,82534.61,83018.16,81900.12,82055.11
25-June-2025,82448.80,82815.91,82339.57,82755.51
26-June-2025,82882.92,83812.09,82816.26,83755.87
27-June-2025,83774.45,84089.35,83645.41,84058.90
30-June-2025,84027.33,84099.53,83482.13,83606.46
1-July-2025,83685.66,83874.29,83572.51,83697.29
2-July-2025,83790.72,83935.01,83150.77,83409.69
3-July-2025,83540.74,83850.09,83186.74,83239.47
4-July-2025,83306.81,83477.86,83015.83,83432.89
7-July-2025,83398.08,83516.82,83262.23,83442.50
8-July-2025,83387.03,83812.31,83320.95,83712.51
9-July-2025,83625.89,83781.36,83382.28,83536.08
10-July-2025,83658.20,83742.28,83134.97,83190.28
11-July-2025,82820.76,83040.74,82442.25,82500.47
14-July-2025,82537.87,82537.87,82010.38,82253.46
15-July-2025,82233.16,82743.62,82221.74,82570.91
16-July-2025,82534.66,82784.75,82342.94,82634.48
17-July-2025,82753.53,82757.09,82219.27,82259.24
18-July-2025,82193.62,82334.75,81608.13,81757.73
21-July-2025,81918.53,82274.03,81518.66,82200.34
22-July-2025,82527.43,82538.17,82110.63,82186.81
23-July-2025,82451.87,82786.43,82279.73,82726.64
24-July-2025,82779.95,82784.24,82047.22,82184.17
25-July-2025,82065.76,82069.51,81397.69,81463.09
28-July-2025,81299.97,81557.41,80776.44,80891.02
29-July-2025,80620.25,81429.88,80575.45,81337.95
30-July-2025,81594.52,81618.96,81187.06,81481.86
31-July-2025,80695.50,81803.27,80695.15,81185.58
1-August-2025,81074.41,81317.51,80495.57,80599.91
4-August-2025,80765.83,81093.19,80500.51,81018.72
5-August-2025,80946.43,81010.49,80554.40,80710.25
6-August-2025,80694.98,80834.43,80448.82,80543.99
7-August-2025,80262.98,80737.55,79811.29,80623.26
8-August-2025,80478.01,80550.40,79775.84,79857.79
11-August-2025,79885.36,80636.05,79772.46,80604.08
12-August-2025,80508.51,80997.67,80164.36,80235.59
13-August-2025,80492.17,80683.74,80319.00,80539.91
14-August-2025,80625.28,80751.18,80489.86,80597.66
18-August-2025,81315.79,81765.77,81202.42,81273.75
19-August-2025,81319.11,81755.88,81315.44,81644.39
20-August-2025,81671.47,81985.62,81494.50,81857.84
21-August-2025,82220.46,82231.17,81921.22,82000.71
22-August-2025,81951.48,81993.61,81291.77,81306.85
25-August-2025,81501.06,81799.06,81364.86,81635.91
26-August-2025,81377.39,81450.28,80685.98,80786.54
28-August-2025,80754.66,80775.71,80013.02,80080.57
29-August-2025,80010.83,80310.74,79741.76,79809.65
1-September-2025,79828.99,80406.84,79818.38,80364.49
2-September-2025,80520.09,80761.14,80008.50,80157.88
3-September-2025,80295.99,80671.28,80004.60,80567.71
4-September-2025,81456.67,81456.67,80608.94,80718.01
5-September-2025,81012.42,81036.56,80321.19,80710.76
8-September-2025,80904.40,81171.38,80733.07,80787.30
9-September-2025,81129.69,81181.37,80927.97,81101.32
10-September-2025,81504.36,81643.88,81235.42,81425.15
11-September-2025,81217.30,81642.22,81216.91,81548.73
12-September-2025,81758.95,81992.85,81641.38,81904.70
15-September-2025,81925.51,81998.51,81744.70,81785.74
16-September-2025,81852.11,82443.48,81779.94,82380.69
17-September-2025,82506.40,82741.95,82490.47,82693.71
18-September-2025,83108.92,83141.21,82704.92,83013.96
19-September-2025,82946.04,82978.63,82485.92,82626.23
22-September-2025,82151.07,82583.16,81997.29,82159.97
23-September-2025,82147.37,82370.38,81776.53,82102.10
24-September-2025,81917.65,82045.47,81607.84,81715.63
25-September-2025,81574.31,81840.73,81092.89,81159.68
26-September-2025,80956.01,81033.09,80332.41,80426.46
29-September-2025,80588.77,80851.38,80248.84,80364.94
30-September-2025,80541.77,80677.82,80201.15,80267.62
1-October-2025,80173.24,81068.43,80159.90,80983.31
3-October-2025,80684.14,81251.99,80649.57,81207.17
6-October-2025,81274.79,81846.42,81155.88,81790.12
7-October-2025,81883.95,82309.56,81787.48,81926.75
8-October-2025,81899.51,82257.74,81646.08,81773.66
9-October-2025,81900.00,82247.73,81667.68,82172.10
10-October-2025,82075.45,82654.11,82072.93,82500.82
13-October-2025,82049.16,82438.50,82043.14,82327.05
14-October-2025,82404.54,82573.37,81781.62,82029.98
15-October-2025,82197.25,82727.02,82084.37,82605.43
16-October-2025,82794.79,83615.48,82791.35,83467.66
17-October-2025,83331.78,84172.24,83206.08,83952.19
20-October-2025,84269.30,84656.56,84196.79,84363.37
21-October-2025,84484.67,84665.44,84286.40,84426.34
23-October-2025,85154.15,85290.06,84445.25,84556.40
24-October-2025,84667.23,84707.44,83957.15,84211.88
27-October-2025,84297.39,84932.08,84294.20,84778.84
28-October-2025,84625.71,84986.94,84219.39,84628.16
29-October-2025,84663.68,85105.83,84638.68,84997.13
30-October-2025,84750.90,84906.95,84312.65,84404.46
31-October-2025,84379.79,84712.79,83905.66,83938.71
3-November-2025,83835.10,84127.00,83609.54,83978.49
4-November-2025,84000.64,84068.01,83412.77,83459.15
6-November-2025,83516.69,83846.35,83237.65,83311.01
7-November-2025,83150.15,83390.11,82670.95,83216.28
10-November-2025,83198.20,83754.49,83197.67,83535.35
11-November-2025,83671.52,83936.47,83124.03,83871.32
12-November-2025,84238.86,84652.01,84166.75,84466.51
13-November-2025,84525.89,84919.43,84253.05,84478.67
14-November-2025,84060.14,84697.87,84029.32,84562.78
17-November-2025,84700.50,84988.09,84581.08,84950.95
18-November-2025,85042.37,85042.41,84558.36,84673.02
19-November-2025,84643.78,85236.77,84525.98,85186.47
20-November-2025,85470.92,85801.70,85201.22,85632.68
21-November-2025,85347.40,85609.40,85187.84,85231.92
24-November-2025,85320.04,85473.47,84710.11,84900.71
25-November-2025,85008.93,85110.24,84536.73,84587.01
26-November-2025,84503.44,85644.19,84478.13,85609.51
27-November-2025,85745.05,86055.86,85473.85,85720.38
28-November-2025,85791.55,85969.89,85577.82,85706.67
1-December-2025,86065.92,86159.02,85489.65,85641.90
2-December-2025,85325.51,85553.51,85053.00,85138.27
3-December-2025,85150.64,85269.68,84763.64,85106.81
4-December-2025,84987.56,85487.21,84949.98,85265.32
5-December-2025,85125.48,85796.72,85078.12,85712.37
8-December-2025,85624.84,85722.97,84875.59,85102.69
9-December-2025,84742.87,84947.89,84382.96,84666.28
10-December-2025,84607.49,85020.34,84313.62,84391.27
11-December-2025,84456.75,84906.93,84150.19,84818.13
12-December-2025,85051.03,85320.82,84956.74,85267.66
15-December-2025,84891.75,85278.63,84840.32,85213.36
16-December-2025,85025.61,85059.96,84620.61,84679.86
17-December-2025,84856.26,84889.45,84415.98,84559.65
18-December-2025,84518.33,84780.19,84238.43,84481.81
19-December-2025,84756.79,85067.50,84734.96,84929.36
22-December-2025,85145.90,85601.33,85145.86,85567.48
23-December-2025,85690.10,85704.93,85342.99,85524.84
24-December-2025,85533.11,85738.18,85342.19,85408.70
26-December-2025,85225.28,85378.51,84937.82,85041.45
29-December-2025,85004.75,85250.00,84637.86,84695.54
30-December-2025,84600.99,84806.99,84470.94,84675.08
31-December-2025,84793.58,85437.17,84705.57,85220.60
1-January-2026,85255.55,85451.70,85101.52,85188.60
2-January-2026,85259.36,85812.27,85068.88,85762.01
5-January-2026,85640.05,85883.50,85315.33,85439.62
6-January-2026,85331.14,85397.78,84900.10,85063.34
7-January-2026,84620.40,85075.99,84617.49,84961.14
8-January-2026,84778.02,84965.27,84110.10,84180.96
9-January-2026,84022.09,84406.22,83402.28,83576.24
12-January-2026,83435.31,83962.33,82861.07,83878.17
13-January-2026,84079.32,84258.03,83262.79,83627.69
14-January-2026,83358.54,83809.98,83185.20,83382.71
16-January-2026,83670.79,84134.97,83456.50,83570.35
19-January-2026,83494.49,83539.93,82898.31,83246.18
20-January-2026,83207.38,83254.28,82010.58,82180.47
21-January-2026,81794.65,82407.05,81124.45,81909.63
22-January-2026,82459.66,82783.18,81874.39,82307.37
23-January-2026,82335.94,82516.27,81471.82,81537.70
27-January-2026,81436.79,82084.92,81088.59,81857.48
28-January-2026,81892.36,82503.97,81814.75,82344.68
29-January-2026,82368.96,82689.96,81707.94,82566.37
30-January-2026,81947.31,82430.82,81941.03,82269.78
1-February-2026,82388.97,82726.65,79899.42,80722.94
2-February-2026,80555.68,81732.25,80387.25,81666.46
3-February-2026,85323.20,85871.73,83501.22,83739.13
4-February-2026,83252.06,83947.53,83119.95,83817.69
5-February-2026,83757.54,83784.17,83151.62,83313.93
6-February-2026,83249.32,83612.12,82925.35,83580.40
9-February-2026,84177.51,84314.68,83860.42,84065.75
10-February-2026,84210.00,84482.95,84063.47,84273.92
11-February-2026,84339.15,84487.34,84081.25,84233.64
12-February-2026,83968.43,84061.62,83516.67,83674.92
13-February-2026,82902.73,83079.70,82534.55,82626.76
16-February-2026,82480.40,83333.49,82276.95,83277.15
17-February-2026,83197.67,83598.00,82987.43,83450.96
18-February-2026,83553.59,83770.05,83163.62,83734.25
19-February-2026,83969.82,83979.36,82264.20,82498.14
20-February-2026,82272.49,83132.08,82206.21,82814.71
23-February-2026,82906.83,83486.15,82906.83,83294.66
24-February-2026,83052.54,83079.51,81934.73,82225.92
25-February-2026,82530.12,82957.91,82132.63,82276.07
26-February-2026,82418.78,82579.16,81970.47,82248.61
27-February-2026,82220.48,82246.17,81159.15,81287.19
2-March-2026,78543.73,80632.55,78543.73,80238.85
4-March-2026,78528.82,79527.41,78443.20,79116.19
5-March-2026,79530.48,80303.83,79201.69,80015.90
6-March-2026,79658.99,79753.03,78812.18,78918.90
9-March-2026,77056.75,77711.35,76424.55,77566.16
10-March-2026,78375.73,78526.25,77745.47,78205.98
11-March-2026,78238.91,78324.37,76759.26,76863.71
12-March-2026,76369.65,76681.71,75871.18,76034.42
13-March-2026,75444.22,75576.20,74454.60,74563.92
16-March-2026,74415.79,75805.27,73949.76,75502.85
17-March-2026,75826.68,76304.26,75324.73,76070.84
18-March-2026,76367.55,77000.22,76187.92,76704.13
19-March-2026,74750.92,75354.18,73950.95,74207.24
20-March-2026,74559.38,75286.39,74385.04,74532.96
23-March-2026,73732.58,73732.58,72558.44,72696.39
24-March-2026,74212.47,74489.39,73084.46,74068.45
25-March-2026,74652.01,75849.76,74550.47,75273.45
27-March-2026,74883.79,74904.91,73534.41,73583.22
30-March-2026,72565.22,73165.32,71774.13,71947.55
1-April-2026,73762.43,73964.58,72971.68,73134.32
2-April-2026,72262.05,73568.54,71545.81,73319.55
6-April-2026,73477.53,74207.46,72728.66,74106.85
7-April-2026,73734.36,74686.32,73282.41,74616.58
8-April-2026,77290.63,77635.54,77042.15,77562.90
9-April-2026,77319.33,77429.33,76347.90,76631.65
10-April-2026,77121.01,77622.50,76851.16,77550.25
13-April-2026,75937.16,77063.41,75868.32,76847.57
15-April-2026,77981.10,78270.42,77849.52,78111.24
16-April-2026,78677.56,78730.32,77674.93,77988.68
17-April-2026,77976.13,78553.45,77726.23,78493.54
20-April-2026,78632.90,78942.45,78203.30,78520.30
21-April-2026,78617.16,79367.08,78522.96,79273.33
22-April-2026,79019.34,79031.03,78442.30,78516.49
