Date,Open Price,High Price,Low Price,Close Price,WAP,No.of Shares,No. of Trades,Total Turnover (Rs.),Deliverable Quantity,% Deli. Qty to Traded Qty,Spread High-Low,Spread Close-Open
21-April-2026,19.93,19.99,19.72,19.76,19.822614883668192450,8113860,38742,160837922.00,,,0.27,-0.17
20-April-2026,20.81,20.82,19.76,19.85,20.226857281301675271,19415718,49251,392718957.00,10007887,51.55,1.06,-0.96
17-April-2026,20.13,20.42,19.83,20.20,20.034715410528154351,10328439,39988,206927336.00,5075917,49.14,0.59,0.07
16-April-2026,19.52,20.13,19.37,19.95,19.813247210747214809,11077698,33108,219485169.00,5825742,52.59,0.76,0.43
15-April-2026,19.17,19.43,19.16,19.36,19.336009293789752758,6181332,30691,119522293.00,3390712,54.85,0.27,0.19
13-April-2026,18.72,18.97,18.46,18.88,18.744826119278226939,7028525,34700,131748479.00,4205021,59.83,0.51,0.16
10-April-2026,19.00,19.20,19.00,19.09,19.098840633615289821,4893190,30673,93454256.00,2482212,50.73,0.20,0.09
9-April-2026,19.07,19.18,18.84,18.94,18.992787105283849463,5939363,31324,112805057.00,2522726,42.47,0.34,-0.13
8-April-2026,18.72,19.09,18.67,19.04,18.866133244991971009,11422358,37169,215495728.00,5747828,50.32,0.42,0.32
7-April-2026,18.15,18.20,17.92,18.14,18.086774650406937293,5780006,31547,104541666.00,3046750,52.71,0.28,-0.01
6-April-2026,17.97,18.19,17.68,18.15,17.937161755671491187,6283180,27293,112702416.00,2678905,42.64,0.51,0.18
2-April-2026,17.73,17.95,17.30,17.85,17.497756778712292257,6381448,32000,111661025.00,2577931,40.40,0.65,0.12
1-April-2026,17.60,18.10,17.60,17.91,17.824739247239179115,8917547,31700,158952950.00,4167774,46.74,0.50,0.31
30-March-2026,17.92,17.95,17.19,17.25,17.450205260896723683,17433910,42343,304225308.00,9669563,55.46,0.76,-0.67
27-March-2026,18.47,18.47,17.96,18.12,18.120249687163713532,11961528,37880,216745874.00,7750180,64.79,0.51,-0.35
25-March-2026,18.21,18.59,18.19,18.47,18.464511447251116981,9256196,32282,170911137.00,5121441,55.33,0.40,0.26
24-March-2026,18.12,18.17,17.85,18.08,18.015675902126613668,10049310,35438,181045112.00,5135235,51.10,0.32,-0.04
23-March-2026,18.40,18.46,17.58,17.66,17.892587073703910303,10983827,40324,196529081.00,5665458,51.58,0.88,-0.74
20-March-2026,18.49,18.99,18.49,18.58,18.756937097098877845,6835424,34390,128211618.00,3921268,57.37,0.50,0.09
19-March-2026,18.62,18.74,18.28,18.39,18.484281302182192926,6939029,35105,128262964.00,3482287,50.18,0.46,-0.23
18-March-2026,18.72,18.98,18.66,18.94,18.855895938517164246,4160771,27024,78455065.00,2602045,62.54,0.32,0.22
17-March-2026,18.55,18.72,18.45,18.64,18.575599152739611713,6986282,35747,129774374.00,3377477,48.34,0.27,0.09
16-March-2026,18.61,18.83,18.18,18.55,18.448852929726059811,11736029,45300,216516273.00,5736478,48.88,0.65,-0.06
13-March-2026,19.20,19.26,18.75,18.81,18.937084644310600779,8742206,41164,165551895.00,4736159,54.18,0.51,-0.39
12-March-2026,19.46,19.52,19.04,19.31,19.253764471582503360,5174365,32199,99626005.00,2215496,42.82,0.48,-0.15
11-March-2026,19.91,20.04,19.46,19.53,19.738606211868995038,4951843,37214,97742479.00,3011807,60.82,0.58,-0.38
10-March-2026,19.81,20.04,19.74,19.91,19.879035960395289841,5916064,34068,117605649.00,2962925,50.08,0.30,0.10
9-March-2026,19.87,19.88,19.30,19.66,19.496314751534186020,11773833,36328,229546354.00,5772809,49.03,0.58,-0.21
6-March-2026,20.21,20.50,20.07,20.13,20.334619148222134729,4955353,31768,100765216.00,2288382,46.18,0.43,-0.08
5-March-2026,20.01,20.27,19.92,20.23,20.096750911554589343,3199205,27478,64293626.00,1498805,46.85,0.35,0.22
4-March-2026,19.85,20.23,19.85,20.00,20.020447285544706765,10120023,38567,202607387.00,5804622,57.36,0.38,0.15
2-March-2026,19.23,20.50,19.23,20.18,20.166492933143801207,15653283,45198,315671821.00,8709016,55.64,1.27,0.95
27-February-2026,21.05,21.05,20.67,20.73,20.755436766630160671,3750069,29341,77834320.00,1887393,50.33,0.38,-0.32
26-February-2026,20.74,21.24,20.74,21.03,20.999312339227718219,8907008,31783,187041043.00,4479819,50.30,0.50,0.29
25-February-2026,20.81,20.94,20.56,20.74,20.737231750164644155,5493666,29003,113923425.00,3139288,57.14,0.38,-0.07
24-February-2026,20.89,21.00,20.61,20.82,20.831283424715309995,2371000,28940,49390973.00,1097908,46.31,0.39,-0.07
23-February-2026,21.05,21.14,20.77,20.88,20.921025697677193571,5195956,28005,108704729.00,2665386,51.30,0.37,-0.17
20-February-2026,20.93,21.12,20.84,21.04,21.016175840318692439,5347852,24928,112391398.00,3129856,58.53,0.28,0.11
19-February-2026,21.24,21.34,20.87,20.97,21.102686444807223977,4240102,23640,89477543.00,2323598,54.80,0.47,-0.27
18-February-2026,21.09,21.26,21.07,21.24,21.169164761085501866,5762459,22430,121986444.00,3724957,64.64,0.19,0.15
17-February-2026,20.87,21.17,20.87,21.09,21.053211854216644643,5228553,21537,110077834.00,2493138,47.68,0.30,0.22
16-February-2026,20.75,21.00,20.70,20.96,20.856664616872732356,6351858,24979,132478572.00,4111274,64.73,0.30,0.21
13-February-2026,21.02,21.07,20.72,20.86,20.837249491239431584,7848977,36981,163551092.00,4530414,57.72,0.35,-0.16
12-February-2026,21.30,21.33,21.00,21.11,21.113436775868881788,6617845,33442,139725452.00,3429314,51.82,0.33,-0.19
11-February-2026,21.46,21.49,21.22,21.33,21.319688812629356172,5555881,30186,118449654.00,2266621,40.80,0.27,-0.13
10-February-2026,21.58,21.60,21.35,21.40,21.463702943414387700,6516038,33627,139858304.00,3583257,54.99,0.25,-0.18
9-February-2026,21.37,21.64,21.31,21.57,21.553594341099274905,7212991,35420,155465882.00,4687803,64.99,0.33,0.20
6-February-2026,21.33,21.43,21.08,21.31,21.216006584465629365,5217128,33120,110686622.00,2533843,48.57,0.35,-0.02
5-February-2026,21.60,21.66,21.20,21.38,21.419249968848302677,3932370,26003,84228416.00,1626913,41.37,0.46,-0.22
4-February-2026,21.32,21.63,21.27,21.54,21.526012735380721588,6456030,35622,138972584.00,3907062,60.52,0.36,0.22
3-February-2026,21.93,21.98,21.26,21.32,21.401089934969301810,6097428,34753,130491605.00,2548459,41.80,0.72,-0.61
2-February-2026,21.15,21.35,20.81,21.18,21.034509896446270760,8069917,38954,169746749.00,3675277,45.54,0.54,0.03
1-February-2026,21.42,21.55,20.91,21.15,21.293431549182838487,6425168,30036,136813875.00,3373968,52.51,0.64,-0.27
30-January-2026,21.12,21.47,21.00,21.41,21.294366067593362155,9836025,44003,209451917.00,4583037,46.59,0.47,0.29
29-January-2026,21.47,21.55,21.03,21.32,21.274314733784724063,10314641,43841,219436919.00,5742134,55.67,0.52,-0.15
28-January-2026,21.00,21.52,21.00,21.47,21.390163438476121111,9929608,49831,212395938.00,4725139,47.59,0.52,0.47
27-January-2026,20.94,21.19,20.68,21.03,20.893233765591437966,11686382,54827,244166311.00,5487579,46.96,0.51,0.09
23-January-2026,21.77,21.77,20.82,20.94,21.254886251099216621,12113172,56866,257464093.00,5889383,48.62,0.95,-0.83
22-January-2026,21.88,22.05,21.55,21.64,21.737429659360196299,6606245,42202,143602786.00,2397730,36.29,0.50,-0.24
21-January-2026,21.65,22.03,21.50,21.66,21.783724682852456997,8022922,44524,174769124.00,2790135,34.78,0.53,0.01
20-January-2026,22.71,22.71,21.10,21.63,22.007898122584584784,18300425,62867,402753889.00,8372427,45.75,1.61,-1.08
19-January-2026,23.98,23.98,22.66,22.76,23.012666928281338779,21402979,67872,492539627.00,10417185,48.67,1.32,-1.22
16-January-2026,22.96,23.66,22.96,23.46,23.445860936198176863,21157828,64811,496063493.00,13908404,65.74,0.70,0.50
14-January-2026,22.77,23.06,22.67,22.95,22.915298674050774462,9479096,52147,217216316.00,5276277,55.66,0.39,0.18
13-January-2026,23.04,23.14,22.61,22.79,22.859783711422609274,8001902,88506,182921749.00,3697055,46.20,0.53,-0.25
12-January-2026,22.79,23.04,22.45,22.97,22.770400127521362021,13676140,58995,311411180.00,7479577,54.69,0.59,0.18
9-January-2026,22.68,23.22,22.54,22.84,22.902408225561454426,13749335,57927,314892883.00,7346852,53.43,0.68,0.16
8-January-2026,23.48,23.50,22.61,22.72,22.956497229570356237,15715252,58744,360767139.00,8569141,54.53,0.89,-0.76
7-January-2026,22.87,23.56,22.73,23.50,23.256173336860509178,25455682,66635,592001753.00,17407996,68.39,0.83,0.63
6-January-2026,22.76,23.20,22.66,22.81,22.947965058937960399,16466128,61935,377864130.00,9006334,54.70,0.54,0.05
5-January-2026,22.30,22.91,22.18,22.84,22.571874915372853082,18758756,66609,423420294.00,9982737,53.22,0.73,0.54
2-January-2026,21.48,22.34,21.48,22.29,22.064815784306645350,14774827,62044,326003836.00,9304319,62.97,0.86,0.81
1-January-2026,21.64,21.70,21.43,21.49,21.522070690721645516,5195986,53688,111828378.00,2399503,46.18,0.27,-0.15
31-December-2025,21.37,21.78,21.37,21.61,21.638677085306842367,7394823,54156,160014187.00,3809628,51.52,0.41,0.24
30-December-2025,21.37,21.48,21.16,21.37,21.319758073153490690,8216368,50408,175170978.00,4064798,49.47,0.32,0.00
29-December-2025,21.37,21.59,21.32,21.36,21.423276023879839198,5924328,46031,126918514.00,3933128,66.39,0.27,-0.01
26-December-2025,21.65,21.73,21.47,21.52,21.594488508192310170,5883017,48182,127040743.00,3637011,61.82,0.26,-0.13
24-December-2025,21.71,21.94,21.66,21.69,21.808136654823458314,5341458,43917,116487246.00,3034534,56.81,0.28,-0.02
23-December-2025,21.78,21.86,21.64,21.74,21.776508419904819330,5038418,44310,109719152.00,2915544,57.87,0.22,-0.04
22-December-2025,21.71,21.86,21.70,21.78,21.780961445845679181,5355039,46844,116637898.00,3337978,62.33,0.16,0.07
19-December-2025,21.41,21.75,21.41,21.70,21.605632387843037858,6509850,46883,140649426.00,4139402,63.59,0.34,0.29
18-December-2025,21.58,21.60,21.30,21.45,21.441332605220386272,4794128,50862,102792493.00,2460789,51.33,0.30,-0.13
17-December-2025,21.50,21.68,21.45,21.56,21.562833325412596549,6207335,46689,133847730.00,3913855,63.05,0.23,0.06
16-December-2025,21.68,21.80,21.33,21.50,21.501957902023376304,6243673,47911,134251194.00,3383336,54.19,0.47,-0.18
15-December-2025,21.89,21.95,21.70,21.76,21.786084616042185979,5416207,47576,117997944.00,2973061,54.89,0.25,-0.13
12-December-2025,21.91,22.09,21.83,21.92,21.941635286732206766,6107406,56151,134006475.00,2885216,47.24,0.26,0.01
11-December-2025,21.76,22.00,21.59,21.94,21.276721299823751438,23693243,47630,504114528.00,20865880,88.07,0.41,0.18
10-December-2025,22.02,22.20,21.68,21.73,21.938540580952576430,7113214,52256,156053534.00,3132068,44.03,0.52,-0.29
9-December-2025,21.87,22.18,21.58,22.02,21.888686835331946486,5202691,46664,113880074.00,2055623,39.51,0.60,0.15
8-December-2025,22.56,22.67,21.80,21.88,22.151333340596808636,10279744,58682,227710036.00,6525405,63.48,0.87,-0.68
5-December-2025,22.77,22.80,22.46,22.60,22.581439088226240449,6529690,54171,147449797.00,3356093,51.40,0.34,-0.17
4-December-2025,22.49,22.97,22.34,22.77,22.757752594789239567,6892660,73159,156861451.00,3164993,45.92,0.63,0.28
3-December-2025,22.88,22.88,22.31,22.39,22.474291847424222402,7113580,72825,159872673.00,3957752,55.64,0.57,-0.49
2-December-2025,22.58,22.93,22.46,22.71,22.757616175781780488,5772976,82852,131379172.00,2301022,39.86,0.47,0.13
1-December-2025,22.90,23.10,22.37,22.44,22.662766390651679432,8685881,97001,196846092.00,4751391,54.70,0.73,-0.46
28-November-2025,22.84,23.04,22.72,22.93,22.879844031245203154,5830655,82066,133404477.00,3988365,68.40,0.32,0.09
27-November-2025,22.91,23.19,22.64,22.84,22.889401003588073640,6862178,53508,157071144.00,3448000,50.25,0.55,-0.07
26-November-2025,22.71,23.00,22.59,22.93,22.896154120032781644,8552347,54547,195815855.00,5544890,64.83,0.41,0.22
25-November-2025,22.26,22.82,22.26,22.70,22.643283968772884584,10016295,57047,226801812.00,5236249,52.28,0.56,0.44
24-November-2025,22.40,22.46,22.16,22.21,22.325550873024543910,7038691,52833,157142654.00,4136042,58.76,0.30,-0.19
21-November-2025,22.60,22.66,22.32,22.43,22.482740366676953035,7686548,53559,172814663.00,3823236,49.74,0.34,-0.17
20-November-2025,22.98,23.05,22.59,22.64,22.763115383301316704,7258728,47930,165231263.00,3991728,54.99,0.46,-0.34
19-November-2025,22.99,23.06,22.75,22.93,22.903246340546836675,7006443,52447,160470290.00,3442000,49.13,0.31,-0.06
18-November-2025,23.16,23.24,22.95,22.99,23.093435066912680949,7532354,44023,173947928.00,4137051,54.92,0.29,-0.17
17-November-2025,22.53,23.32,22.53,23.16,23.069459641452575137,10199376,48546,235294093.00,4406250,43.20,0.79,0.63
14-November-2025,22.44,22.60,22.36,22.49,22.474885980166954165,5698570,69971,128074711.00,2781829,48.82,0.24,0.05
13-November-2025,22.79,22.84,22.45,22.48,22.648350432141103911,4626151,45725,104774689.00,2205270,47.67,0.39,-0.31
12-November-2025,22.68,22.90,22.67,22.74,22.780631829904914286,7226217,50839,164617789.00,3646717,50.46,0.23,0.06
11-November-2025,22.72,22.74,22.40,22.63,22.538930446329353894,8594931,48582,193720552.00,4011321,46.67,0.34,-0.09
10-November-2025,22.87,23.04,22.70,22.74,22.823877239238479945,6565290,50259,149845373.00,3325948,50.66,0.34,-0.13
7-November-2025,22.55,22.94,22.28,22.87,22.627034071895660148,13193425,53714,298528077.00,8161750,61.86,0.66,0.32
6-November-2025,23.02,23.10,22.60,22.63,22.820328970100876143,10007718,52051,228379417.00,4475447,44.72,0.50,-0.39
4-November-2025,22.98,23.47,22.80,23.02,23.185346785647259739,18207227,57037,422140872.00,7444597,40.89,0.67,0.04
3-November-2025,22.77,23.13,22.52,22.98,22.930910891332118601,13689712,75312,313917566.00,5613991,41.01,0.61,0.21
31-October-2025,22.24,23.20,22.24,22.74,22.853168195322951495,24838699,126204,567642966.00,11059029,44.52,0.96,0.50
30-October-2025,22.74,22.76,22.20,22.23,22.385666343398947022,10560906,53905,236412918.00,5470958,51.80,0.56,-0.51
29-October-2025,22.77,22.93,22.67,22.70,22.757868120818965000,8762035,52334,199405237.00,4475462,51.08,0.26,-0.07
28-October-2025,22.74,22.95,22.54,22.74,22.701843185193039896,10071804,52949,228648515.00,4778284,47.44,0.41,0.00
27-October-2025,22.69,22.94,22.67,22.77,22.812274720469541579,8363221,63595,190784095.00,4603938,55.05,0.27,0.08
24-October-2025,22.78,22.88,22.46,22.68,22.683347495961213334,11178481,53499,253565369.00,5071564,45.37,0.42,-0.10
23-October-2025,22.77,23.19,22.66,22.72,22.943654991789862794,15127640,87816,347083353.00,7185838,47.50,0.53,-0.05
21-October-2025,22.71,22.89,22.67,22.76,22.762002428062797481,4407629,31791,100326462.00,2520451,57.18,0.22,0.05
20-October-2025,22.46,22.96,22.13,22.65,22.617868720452988149,11597831,58346,262318219.00,4109058,35.43,0.83,0.19
17-October-2025,23.14,23.23,22.06,22.24,22.586708439528821737,23809078,84431,537768703.00,10602392,44.53,1.17,-0.90
16-October-2025,23.44,23.47,23.09,23.12,23.223145439696601347,10183829,55518,236500542.00,5677111,55.75,0.38,-0.32
15-October-2025,23.32,23.47,23.21,23.33,23.359618743205341343,7619956,45567,177999267.00,2958110,38.82,0.26,0.01
14-October-2025,24.09,24.11,23.24,23.31,23.506913835861231912,24763388,70077,582110828.00,13445129,54.29,0.87,-0.78
13-October-2025,24.11,24.30,23.81,24.03,24.035212643696917949,35848629,80770,861629421.00,16727536,46.66,0.49,-0.08
10-October-2025,22.43,24.30,22.43,24.01,23.762201133244755355,65539240,94496,1557356603.00,36800753,56.15,1.87,1.58
9-October-2025,22.04,22.47,22.01,22.42,22.268558179587265843,5441711,43528,121179058.00,2766709,50.84,0.46,0.38
8-October-2025,22.22,22.28,21.88,22.04,22.097887244385201122,7488514,78206,165480338.00,2952364,39.43,0.40,-0.18
7-October-2025,21.94,22.35,21.94,22.22,22.152139601398777840,17280228,53828,382794023.00,9279944,53.70,0.41,0.28
6-October-2025,21.93,22.20,21.76,21.93,21.979774349103281913,14226489,81957,312695018.00,7144792,50.22,0.44,0.00
3-October-2025,21.76,21.95,21.68,21.85,21.818124901210151548,11672505,75969,254672172.00,6283598,53.83,0.27,0.09
1-October-2025,21.25,21.83,21.16,21.76,21.542483203315025133,22978046,54892,495004170.00,13388041,58.26,0.67,0.51
30-September-2025,21.08,21.45,21.08,21.25,21.323425335697664453,12135920,48153,258779384.00,7048185,58.08,0.37,0.17
29-September-2025,21.25,21.34,21.01,21.04,21.127740411861617510,5468293,46286,115532675.00,1987938,36.35,0.33,-0.21
26-September-2025,21.35,21.40,20.90,20.95,21.083744141589085496,6387611,47511,134674756.00,2546952,39.87,0.50,-0.40
25-September-2025,21.23,21.57,21.17,21.34,21.436542808387827316,14590143,88776,312762225.00,8105455,55.55,0.40,0.11
24-September-2025,21.37,21.55,21.15,21.19,21.364851164301275529,11133888,53251,237873860.00,5737727,51.53,0.40,-0.18
23-September-2025,21.20,21.44,21.10,21.38,21.295264860932242421,9885433,64531,210512914.00,6311346,63.84,0.34,0.18
22-September-2025,21.18,21.61,21.18,21.21,21.417262676132437350,18073119,73215,387076737.00,9799872,54.22,0.43,0.03
19-September-2025,21.04,21.40,21.01,21.18,21.167238567552615476,12611451,76350,266949592.00,8067703,63.97,0.39,0.14
18-September-2025,21.29,21.32,20.94,21.08,21.079622992124640401,9843614,55262,207499672.00,4897356,49.75,0.38,-0.21
17-September-2025,21.01,21.25,20.88,21.15,21.001423070897022607,7091003,77441,148921154.00,2413144,34.03,0.37,0.14
16-September-2025,21.01,21.09,20.83,21.00,20.939987145780727934,7535269,59183,157788436.00,4304002,57.12,0.26,-0.01
15-September-2025,20.92,21.27,20.87,21.01,21.103729592281194086,13947235,44377,294338676.00,7619888,54.63,0.40,0.09
12-September-2025,21.05,21.10,20.75,20.86,20.914085347836281458,11178233,66425,233782519.00,6549975,58.60,0.35,-0.19
11-September-2025,20.88,21.12,20.75,20.99,20.994676993252973045,17385287,34584,364998485.00,9406944,54.11,0.37,0.11
10-September-2025,20.46,20.92,20.42,20.78,20.718661138432717111,16244368,83311,336561556.00,10326227,63.57,0.50,0.32
9-September-2025,20.18,20.47,20.18,20.35,20.358705280966591877,8263260,68294,168229275.00,5227661,63.26,0.29,0.17
8-September-2025,20.47,20.52,20.13,20.18,20.315058583708775693,9795556,62674,198997294.00,5271360,53.81,0.39,-0.29
5-September-2025,20.33,20.62,20.02,20.44,20.298398662455134074,9966918,42614,202312475.00,3238632,32.49,0.60,0.11
4-September-2025,20.50,20.52,20.24,20.28,20.364085746071268931,14749737,49352,300364909.00,7200728,48.82,0.28,-0.22
3-September-2025,19.90,20.38,19.70,20.36,20.132679738126282185,28494803,56893,573676743.00,14252321,50.02,0.68,0.46
2-September-2025,19.54,19.81,19.37,19.56,19.604696575409515108,11768064,47267,230709324.00,4509169,38.32,0.44,0.02
1-September-2025,19.24,19.64,19.07,19.55,19.326888182189080497,10363036,36697,200285238.00,5034611,48.58,0.57,0.31
29-August-2025,18.92,19.55,18.72,19.11,19.194435654267512903,21681399,44429,416162218.00,7579184,34.96,0.83,0.19
28-August-2025,18.96,19.03,18.64,18.69,18.851661029622230400,8388261,35605,158132653.00,3160470,37.68,0.39,-0.27
26-August-2025,19.55,19.55,18.90,18.96,19.115825687877171702,11688642,38290,223438043.00,4903068,41.95,0.65,-0.59
25-August-2025,20.33,20.33,19.50,19.55,19.747417749498831543,23753989,51063,469079944.00,9978409,42.01,0.83,-0.78
22-August-2025,19.41,19.46,19.23,19.28,19.342680412027459237,7199326,31858,139254262.00,2965392,41.19,0.23,-0.13
21-August-2025,19.37,19.69,19.34,19.43,19.506432664410367997,7410071,39539,144544051.00,2778952,37.50,0.35,0.06
20-August-2025,19.35,19.43,19.31,19.36,19.364455839881815584,5677906,35552,109949560.00,3082289,54.29,0.12,0.01
19-August-2025,19.10,19.40,19.04,19.35,19.231158475590315706,5564226,38947,107006512.00,2721320,48.91,0.36,0.25
18-August-2025,18.89,19.18,18.89,19.09,19.074571673241384297,9071112,30587,173027576.00,4112918,45.34,0.29,0.20
14-August-2025,18.81,18.88,18.72,18.78,18.793766447206533378,3962299,35544,74466522.00,2005414,50.61,0.16,-0.03
13-August-2025,18.75,18.87,18.66,18.83,18.772484050026910767,4351418,36118,81686925.00,2173366,49.95,0.21,0.08
12-August-2025,18.87,18.88,18.69,18.72,18.803648236593658587,5290556,38223,99481754.00,2094882,39.60,0.19,-0.15
11-August-2025,18.55,18.80,18.45,18.77,18.674278995201355039,5152913,28736,96226935.00,2807323,54.48,0.35,0.22
8-August-2025,18.77,18.87,18.50,18.55,18.665083225430474837,5645510,30826,105373914.00,2489839,44.10,0.37,-0.22
7-August-2025,18.63,18.83,18.38,18.78,18.609166246323102098,6203259,31493,115437478.00,3075018,49.57,0.45,0.15
6-August-2025,18.86,18.90,18.67,18.73,18.773183793977517693,6225340,28636,116869452.00,2554854,41.04,0.23,-0.13
5-August-2025,18.75,18.98,18.75,18.86,18.853391308826811805,5824300,27784,109807807.00,2441299,41.92,0.23,0.11
4-August-2025,18.60,19.07,18.36,18.90,18.667877664115604664,9731372,33155,181664062.00,4082951,41.96,0.71,0.30
1-August-2025,18.90,19.00,18.55,18.60,18.769879653532093432,8965448,41899,168280380.00,4871086,54.33,0.45,-0.30
31-July-2025,19.11,19.13,18.85,18.92,18.978813418361781450,12925870,50470,245317675.00,6670061,51.60,0.28,-0.19
30-July-2025,19.46,19.49,19.18,19.22,19.309255595645249880,6479637,35176,125116967.00,2613032,40.33,0.31,-0.24
29-July-2025,19.32,19.55,19.31,19.40,19.404670835331754374,6471776,27540,125582683.00,2787009,43.06,0.24,0.08
28-July-2025,19.61,19.82,19.28,19.33,19.541884484064047815,11157664,32834,218041781.00,4880515,43.74,0.54,-0.28
25-July-2025,19.72,19.99,19.59,19.61,19.751235348239445710,9218858,27811,182083834.00,3954773,42.90,0.40,-0.11
24-July-2025,19.96,20.07,19.43,20.02,19.851019846184565470,14558617,29745,289003395.00,5799177,39.83,0.64,0.06
23-July-2025,19.97,20.04,19.81,19.91,19.903161715734577590,6418825,18654,127754912.00,3246783,50.58,0.23,-0.06
22-July-2025,20.22,20.28,19.96,20.01,20.106033108606138734,8051985,35498,161893477.00,3929369,48.80,0.32,-0.21
21-July-2025,20.60,20.60,20.09,20.16,20.219912572620794857,11808429,26498,238765402.00,5356631,45.36,0.51,-0.44
18-July-2025,20.17,20.27,20.05,20.17,20.149061362989434168,7096460,29958,142987008.00,2498207,35.20,0.22,0.00
17-July-2025,20.29,20.34,20.12,20.15,20.188822599454504399,6673931,34190,134738809.00,2788435,41.78,0.22,-0.14
16-July-2025,20.55,20.57,20.18,20.24,20.327143756159181817,8035767,25510,163344191.00,3797961,47.26,0.39,-0.31
15-July-2025,20.06,20.65,19.98,20.47,20.284565710147360899,18629908,34251,377899593.00,7711332,41.39,0.67,0.41
14-July-2025,19.69,20.06,19.56,19.99,19.896285817743962027,4584320,21699,91210941.00,1928863,42.08,0.50,0.30
11-July-2025,19.78,19.95,19.60,19.65,19.734682713628032081,5858887,28052,115623276.00,2490136,42.50,0.35,-0.13
10-July-2025,19.96,19.99,19.75,19.82,19.852323809415045821,5779239,27033,114731324.00,2894903,50.09,0.24,-0.14
9-July-2025,20.01,20.12,19.86,19.91,19.980388667642111310,5434103,48188,108575490.00,2629678,48.39,0.26,-0.10
8-July-2025,20.02,20.09,19.91,20.01,19.995228685315872765,5488634,25467,109746492.00,2543673,46.34,0.18,-0.01
7-July-2025,19.97,20.19,19.97,20.01,20.059794486562674371,6310147,25734,126580252.00,2643800,41.90,0.22,0.04
4-July-2025,20.10,20.20,19.97,20.06,20.075032036666350225,8363854,54035,167904637.00,3832783,45.83,0.23,-0.04
3-July-2025,20.28,20.33,20.12,20.15,20.192992332868053573,6209884,26952,125396140.00,2765178,44.53,0.21,-0.13
2-July-2025,20.49,20.49,20.17,20.29,20.322608970557982501,7933152,26325,161222346.00,3155749,39.78,0.32,-0.20
1-July-2025,20.40,20.49,20.14,20.44,20.345356653260455583,9234277,27383,187874659.00,4051966,43.88,0.35,0.04
30-June-2025,20.20,20.59,20.20,20.35,20.427688308768579689,7205785,26005,147197530.00,2497984,34.67,0.39,0.15
27-June-2025,20.08,20.49,20.08,20.19,20.303503131109110229,5917392,23254,120143787.00,2351406,39.74,0.41,0.11
26-June-2025,20.25,20.30,20.03,20.08,20.126012961946440925,7361703,27557,148161730.00,2655208,36.07,0.27,-0.17
25-June-2025,19.97,20.27,19.97,20.24,20.140109768647848601,7350915,22419,148048235.00,2748660,37.39,0.30,0.27
24-June-2025,20.00,20.18,19.94,19.97,20.059474118830118373,11344464,34595,227563982.00,3950619,34.82,0.24,-0.03
23-June-2025,19.71,19.96,19.62,19.89,19.815933573760568140,9706887,29056,192351028.00,3862666,39.79,0.34,0.18
20-June-2025,19.44,19.83,19.40,19.75,19.648920213357780365,9751695,26683,191610277.00,3643790,37.37,0.43,0.31
19-June-2025,19.89,19.95,19.31,19.44,19.544595054200662075,6206843,18593,121310233.00,2219887,35.77,0.64,-0.45
18-June-2025,19.92,20.13,19.75,19.89,19.950906557260537665,5656234,18080,112846996.00,1922610,33.99,0.38,-0.03
17-June-2025,20.25,20.35,19.84,19.94,20.075437773403060169,9512741,23628,190972440.00,4623859,48.61,0.51,-0.31
16-June-2025,20.16,20.43,19.88,20.25,20.162378234739327683,7262950,22700,146438345.00,2395872,32.99,0.55,0.09
13-June-2025,20.04,20.29,19.97,20.16,20.141594633804980457,7323625,15010,147509486.00,2488422,33.98,0.32,0.12
12-June-2025,20.70,20.76,20.35,20.42,20.578962662344144859,13022028,25695,267979828.00,5798490,44.53,0.41,-0.28
11-June-2025,20.92,21.07,20.67,20.72,20.839392859748312088,10376581,25178,216241648.00,4564384,43.99,0.40,-0.20
10-June-2025,21.06,21.08,20.81,20.84,20.938511679394603349,5324377,16137,111484530.00,2155163,40.48,0.27,-0.22
9-June-2025,20.93,21.12,20.93,21.02,21.053131802403570885,12964627,22671,272946001.00,6745226,52.03,0.19,0.09
6-June-2025,20.93,21.08,20.76,20.85,20.920361721162878134,16117940,26329,337193135.00,6433063,39.91,0.32,-0.08
5-June-2025,21.26,21.27,20.89,20.93,20.997732928068123824,15564129,27890,326811424.00,6037083,38.79,0.38,-0.33
4-June-2025,21.18,21.37,20.74,21.15,21.036373016160424544,16292270,25003,342730269.00,5715254,35.08,0.63,-0.03
3-June-2025,22.95,22.95,20.77,20.85,21.557266502979490428,540199923,71118,11645233705.00,420551492,77.85,2.18,-2.10
2-June-2025,21.50,23.40,21.31,23.27,22.740623135355061053,44400209,48704,1009688420.00,13157467,29.63,2.09,1.77
30-May-2025,21.33,21.65,21.02,21.47,21.364502593152309762,16831252,24288,359591327.00,7291143,43.32,0.63,0.14
29-May-2025,21.20,21.35,21.08,21.31,21.207030432199954620,9806225,20054,207960912.00,3912092,39.89,0.27,0.11
28-May-2025,21.16,21.43,21.06,21.11,21.247544957516595621,12113436,37015,257380776.00,4569693,37.72,0.37,-0.05
27-May-2025,21.00,21.20,20.88,21.13,21.059543370426474173,11019917,19058,232074420.00,4872216,44.21,0.32,0.13
26-May-2025,21.20,21.23,20.95,20.99,21.075665086163727281,8796567,20536,185393500.00,4201139,47.76,0.28,-0.21
23-May-2025,21.00,21.23,20.87,21.15,21.090654197354245041,11550276,21074,243602877.00,5490883,47.54,0.36,0.15
22-May-2025,21.00,21.24,20.77,20.97,21.009344020596237327,10748371,34311,225816224.00,3919134,36.46,0.47,-0.03
21-May-2025,20.85,21.09,20.63,20.99,20.860384900449134987,12628720,20558,263439960.00,5183316,41.04,0.46,0.14
20-May-2025,21.21,21.40,20.78,20.82,21.075954431104800093,17165042,24847,361769643.00,7597815,44.26,0.62,-0.39
19-May-2025,21.66,21.66,21.15,21.21,21.409272578891313669,12083111,17220,258690617.00,5239604,43.36,0.51,-0.45
16-May-2025,21.50,21.95,21.26,21.54,21.645975222515976567,29481928,35193,638165083.00,13012824,44.14,0.69,0.04
15-May-2025,21.20,21.70,20.96,21.51,21.444644609651762279,32971098,37691,707053479.00,14610853,44.31,0.74,0.31
14-May-2025,21.32,21.32,20.69,20.96,20.916916836242268305,24828159,30525,519328537.00,8702196,35.05,0.63,-0.36
13-May-2025,20.53,21.39,20.25,20.87,20.806829876720183807,17861318,26713,371637405.00,5119985,28.67,1.14,0.34
12-May-2025,21.56,21.74,20.30,20.40,20.704359264429047579,36701123,33628,759873236.00,16101846,43.87,1.44,-1.16
9-May-2025,17.76,20.36,17.76,20.00,19.476810470886783308,55660768,40708,1084094229.00,18293125,32.87,2.60,2.24
8-May-2025,18.34,18.81,18.15,18.22,18.528579031529309750,21348834,26259,395563558.00,7864203,36.84,0.66,-0.12
7-May-2025,17.81,18.38,17.72,18.27,18.041818590893900206,17618432,24598,317868554.00,6596176,37.44,0.66,0.46
6-May-2025,19.24,19.44,17.88,17.94,18.459610900449474204,39392027,41979,727161491.00,11603131,29.46,1.56,-1.30
5-May-2025,17.71,17.84,17.51,17.73,17.703949000673550335,6614205,16396,117097548.00,2745857,41.51,0.33,0.02
2-May-2025,17.69,17.99,17.61,17.71,17.808356321115363408,7591714,16051,135195948.00,2777414,36.58,0.38,0.02
30-April-2025,17.96,18.03,17.66,17.72,17.829616546895177724,7721231,17056,137666588.00,4101710,53.12,0.37,-0.24
